{
    "JAYA": {
        "best_fitness": 2.679567057683035e-16,
        "mean_fitness": 4.214660100764946e-11,
        "std_fitness": 8.314142608767197e-11,
        "mean_time": 0.7594489653905233,
        "success_rate": 100.0
    },
    "BMR": {
        "best_fitness": 6.530819467932485e-15,
        "mean_fitness": 2.552421042114725e-10,
        "std_fitness": 6.284692444609779e-10,
        "mean_time": 2.0913278897603353,
        "success_rate": 100.0
    },
    "BWR": {
        "best_fitness": 3.0852661344476716e-15,
        "mean_fitness": 2.1921143543075277e-10,
        "std_fitness": 3.183030805077008e-10,
        "mean_time": 2.0200613180796307,
        "success_rate": 100.0
    }
}