{
    "JAYA": {
        "best_fitness": 4.15548963669689e-18,
        "mean_fitness": 7.0650899243202825e-15,
        "std_fitness": 1.1864288681907027e-14,
        "mean_time": 1.4173866351445517,
        "success_rate": 100.0
    },
    "BMR": {
        "best_fitness": 5.37392877679468e-14,
        "mean_fitness": 2.5240258078928048e-11,
        "std_fitness": 4.297606241796544e-11,
        "mean_time": 1.0881431500116985,
        "success_rate": 100.0
    },
    "BWR": {
        "best_fitness": 3.462958086177771e-15,
        "mean_fitness": 3.034332681199545e-11,
        "std_fitness": 6.759465346384025e-11,
        "mean_time": 1.0352022806803385,
        "success_rate": 100.0
    }
}